<?xml version="1.0" encoding="UTF-8"?>
<beans
	xmlns="http://www.springframework.org/schema/beans"
    xmlns:xsi="http://www.w3.org/2001/XMLSchema-instance"
    xmlns:aop="http://www.springframework.org/schema/aop"
    xmlns:context="http://www.springframework.org/schema/context"
    xsi:schemaLocation="http://www.springframework.org/schema/beans 
    http://www.springframework.org/schema/beans/spring-beans-4.0.xsd
    http://www.springframework.org/schema/context
    http://www.springframework.org/schema/context/spring-context.xsd"
    default-init-method="startProcessing" default-destroy-method="destroy">


    <!-- For Annotations -->
    
<!--    <bean class="com.ibm.spring.Spring_Practice.ElectronicEngineer" id="EE"> 
    
    </bean>
     -->
    <!-- ENDS --> 
    <!-- Load the properties file -->
    
    <context:property-placeholder location="classpath:test.properties"/>
    <bean class="com.ibm.spring.Spring_Practice.TestAutoWiring" id="TestAuto"  >
      
    </bean>
    
   <bean class="com.ibm.spring.Spring_Practice.School" id="school" scope="prototype">
   <!--  <bean class="com.ibm.spring.Spring_Practice.School" id="school" init-method="startProcessing" destroy-method="destroy"> -->
    <property name="address" value="Noida"></property>
    <property name="student">
    
    <list >
    	<bean class="com.ibm.spring.Spring_Practice.Student">
    		<property name="id" value="${id}"></property>
    		<property name="name" value="${name}"></property>
    	</bean>
    <ref bean="student1"/>
  <!--  <ref bean="student2"/> --> 
    </list>
    
    </property>
    </bean>
    
        <bean class="com.ibm.spring.Spring_Practice.Student" id="student1">
    		<property name="id" value="112"></property>
    		<property name="name" value="Arwind"></property>
    	</bean>
    	
    	
<!--         <bean class="com.ibm.spring.Spring_Practice.Student" id="student2">
    		<property name="id" value="57"></property>
    		<property name="name" value="Gargi"></property>
    	</bean> -->
   <context:annotation-config/> 
   <context:component-scan base-package="com.ibm.spring.Spring_Practice"></context:component-scan>
    
    </beans>