<?xml version="1.0" encoding="UTF-8"?>



<!-- Define the beans here -->

<beans
	xmlns="http://www.springframework.org/schema/beans"
    xmlns:xsi="http://www.w3.org/2001/XMLSchema-instance"
    xmlns:aop="http://www.springframework.org/schema/aop"
    xmlns:context="http://www.springframework.org/schema/context"
    xsi:schemaLocation="http://www.springframework.org/schema/beans 
    http://www.springframework.org/schema/beans/spring-beans-4.0.xsd
    http://www.springframework.org/schema/context
    http://www.springframework.org/schema/context/spring-context.xsd">
    
    <!-- Load the properties file -->
    <context:property-placeholder location="classpath:test.properties"/>
    


	<bean class="com.ibm.training.SpringStarter.SoftwareEngineer"
		id="softwareEngineer">
		
		<property name="addresses">
			<list>
				<ref bean="theAddress2"/>
				<ref bean="theAddress1"/>
				<ref bean="theAddress3"/>
			</list>
		</property>
		
		
		
		
		<!-- Inject the address property -->
	<!-- <property name="address" ref="alias-name"/> -->
		<!-- For constructor injection -->
		<constructor-arg index="1" type="int"
			value="875" />
		<constructor-arg type="java.lang.String" value="Gargi" />

		<!-- For setter injection -->
		<!-- <property name="name" value="Divya"/> <property name="id" value="7643"/> -->
	</bean>
	
	
	
	<bean id="theAddress1" class="com.ibm.training.SpringStarter.Address" name="alias-name">
		<property name="city" value="${userName}"/>
		<property name="pinCode" value="4500867"/>
	</bean>
	
	<bean id="theAddress2" class="com.ibm.training.SpringStarter.Address">
		<property name="city" value="Bombay"/>
		<property name="pinCode" value="222852"/>
	</bean>
	
	<bean id="theAddress3" class="com.ibm.training.SpringStarter.Address">
		<property name="city" value="Pune"/>
		<property name="pinCode" value="178189"/>
	</bean>
	
	

</beans>